<?xml version="1.0"?>

<Cutscene name="Intro" id="1">
  
  <!--LOAD INFO OF EACH ELEMENT THAT ACT IN THE CUTSCENE-->
  <elements>
    <MAP name="LinkHouse" id="1" file="TiledLinkHouse.tmx"/>

    <IMAGES>

      <image n="1" name="BackgroundZelda" x="-200" y="0" tex_x="0" tex_y="0" tex_w="1080" tex_h="514" active="true" file="textures/bg_anim.png"/>
      <image n="2" name="Sword" x="120" y="-80" tex_x="1" tex_y="1" tex_w="41" tex_h="171" active="false" file="textures/TitleFINAL.png"/>
      <image n="3" name="Triforce" x="140" y="55" tex_x="50" tex_y="1" tex_w="121" tex_h="127" active="false" file="textures/TitleFINAL.png"/>
      <image n="4" name="PokemonLetters" x="147" y="112" tex_x="1" tex_y="173" tex_w="296" tex_h="21" active="false" file="textures/TitleFINAL.png"/>
      <image n="5" name="Title" x="330" y="60" tex_x="171" tex_y="1" tex_w="236" tex_h="121" active="false" file="textures/TitleFINAL.png"/>
    </IMAGES>

    <TEXTS>
      <text n="6" name="text_start" text="press start to play" x="0" y="0" active="false"/>
    </TEXTS>

    <MUSIC>

    </MUSIC>

    <FX>

    </FX>

  </elements>

  <!--EXECUTE ALL ACTIONS IN ORDER-->
  <steps>


    </step>
    <step n="1" start="0" duration ="0">
      <element name="MainMusic" action="play"/>
    </step>
    <step n="2" start="2" duration="0">
      <element name="Title" action="enable"/>
    </step>
    <step n="3" start="2" duration="-1">
      <element name="Title" action="move" dir="left">
	      <movement dest_x="110" dest_y="60" speed="50"/>
      </element>
    </step>
    <step n="4" start="5" duration="0">
      <element name="BackgroundPokemon" action="enable"/>
    </step>
    <step n="5" start="6" duration="0">
      <element name="Sword" action="enable"/>
    </step>
    <step n="6" start="6" duration="-1">
      <element name="Sword" action="move" dir="down">
        <movement dest_x="120" dest_y="42" speed="300"/>
      </element>
    </step>
    <step n="7" start="6" duration="0">
      <element name="Triforce" action="enable"/>
    </step>
    <step n="8" start="9" duration="0">
      <element name="BackgroundZelda" action="disable"/>
    </step>

    <step n="10" start="9" duration="0">
      <element name="PokemonLetters" action="enable"/>
    </step>  
    <step n="11" start="15" duration="0">
      <element name="LinkHouse" action="loadmap"/>
    </step>  
    <step n="12" start="16" duration="0">
      <element name="MainMusic" action="stop"/>
    </step>

  </steps>
  
</Cutscene>
