<?xml version="1.0"?>

<Cutscene name="HelloMan" id="0">
  
  <!--LOAD INFO OF EACH ELEMENT THAT ACT IN THE CUTSCENE-->
  <elements>
    <MAP id="1" file="TiledLinkHouse.tmx"/>
    
    <NPCs>
      <npc n="0" name="Link" x="100" y="100" dir="down" state="idle"  active="true"/>
      <npc n="1" name="soldier" x="200" y="100" dir="up" state="idle" active="false"/>
    </NPCs>

    <IMAGES>
      <image n="4" name="HelloMan_Title" x="0" y="0" w="20" h="100" active="true" file="textures/hello_man.png"/>
    </IMAGES>

    <TEXTS>
      <text n="5" name="text1" text="HELLO" x="100" y="100" active="false"/>
      <text n="6" name="text2" text="WORLD" x="100" y="100" active ="false"/>
    </TEXTS>

    <MUSIC>
      <music n="7" name="KakarikoVillage" path="audio/music/ZELDA/Zeldakakariko_village.ogg" active="false"/>
    </MUSIC>

    <FX>
      <fx n="8" name="SwordAttack" id="0" path="audio/fx/LTTP_Sword_Attack.wav" repeat="0" active="false"/>
    </FX>
  </elements>

  <!--EXECUTE ALL ACTIONS IN ORDER-->
  <steps>
    <step n="0" start="0" duration="1">
      <element name="Link" action="move">
        <movement dest_x ="300" dest_y="300"/>     
      </element>
    </step>
    <step n="1" start="2" duration="1">
      <element name="text1" action="enable"/>
    </step>
    <step n="2" start="3" duration="1">
      <element name="text1" action="disable"/>
    </step>
    
  </steps>
  
  
</Cutscene>
