<?xml version="1.0"?>

<Cutscene name="HelloMan" id="0">
  
  <!--LOAD INFO OF EACH ELEMENT THAT ACT IN THE CUTSCENE-->
  <elements>
    <MAP n="1" file="TiledLinkHouse.tmx"/>
    
    <NPCs num="2">
      <npc id="0" type="Link" x="100" y="100" dir="down" update="false"/>
      <npc id="1" type="soldier" x="200" y="100" dir="up" update="true"/>
    </NPCs>

    <DYNOBJECTS num="1">
      <dynobject id="4" name="chest" x="20" y="17" w="16" h="16" file="textures/DynObjectsSpriteSheet.png"/>
    </DYNOBJECTS>

    <ITEMS num ="1">
      <item id="1" name="rupee" x="20" y="17" w="16" h="16" file="textures/GreenRupee.png"/>
    </ITEMS>

    <IMAGES>
      <image name="HelloMan_Title" x="0" y="0" w="20" h="100" update="true" file="textures/hello_man.png"/>
    </IMAGES>

    <MUSIC>
      <music name="KakarikoVillage" path="audio/music/ZELDA/Zeldakakariko_village.ogg"/>
    </MUSIC>

    <FX>
      <fx name="SwordAttack" id="0" path="audio/fx/LTTP_Sword_Attack.wav" repeat="0"/>
    </FX>
    
  </elements>
</Cutscene>
