<?xml version="1.0"?>

<Cutscene name="HelloMan" id="0" time="5">
  
  <!--LOAD INFO OF EACH ELEMENT THAT ACT IN THE CUTSCENE-->
  <elements>
    <MAP id="1" file="TiledLinkHouse.tmx"/>
    
    <NPCs>
      <npc n="0" name="Link" x="100" y="100" dir="down" state="idle"  update="true"/>
      <npc n="1" name="soldier" x="200" y="100" dir="up" state="idle" update="false"/>
    </NPCs>

    <DYNOBJECTS>
      <dynobject n="2" name="chest" x="20" y="17" w="16" h="16" file="textures/DynObjectsSpriteSheet.png"/>
    </DYNOBJECTS>

    <ITEMS>
      <item n="3" name="rupee" x="20" y="17" w="16" h="16" file="textures/GreenRupee.png"/>
    </ITEMS>

    <IMAGES>
      <image n="4" name="HelloMan_Title" x="0" y="0" w="20" h="100" update="true" file="textures/hello_man.png"/>
    </IMAGES>

    <TEXTS>
      <text n="5" name="text1" text="HELLO" x="100" y="100" update="false"/>
      <text n="6" name="text2" text="WORLD" x="100" y="100" update ="false"/>
    </TEXTS>

    <MUSIC>
      <music n="7" name="KakarikoVillage" path="audio/music/ZELDA/Zeldakakariko_village.ogg"/>
    </MUSIC>

    <FX>
      <fx n="8" name="SwordAttack" id="0" path="audio/fx/LTTP_Sword_Attack.wav" repeat="0"/>
    </FX>
  </elements>

  <!--EXECUTE ALL ACTIONS IN ORDER-->
  <steps>
    <step n="0" start="1">
      <element name="Link" action="move">
        <movement dest_x ="300" dest_y="300"/>     
      </element>
    </step>
    <step n="1" start="2">
      <element name="text1" action="enable"/>
    </step>
    <step n="2" start="3">
      <element name="text1" action="disable"/>
    </step>
    
  </steps>
  
  
</Cutscene>
