<?xml version="1.0"?>

<Cutscene name="Intro" id="1">
  
  <!--LOAD INFO OF EACH ELEMENT THAT ACT IN THE CUTSCENE-->
  <elements>

    <IMAGES>
      <image n="0" name="Background" x="0" y="0" tex_x="328" tex_y="212" tex_w="256" tex_h="144" visible="true" file="textures/Intro.png"/>
      <image n="1" name="LeftTriangle" x="0" y="144" tex_x="286" tex_y="212" tex_w="41" tex_h="41" visible="true" file="textures/Intro.png"/>
      <image n="2" name="RightTriangle" x="220" y="144" tex_x="286" tex_y="212" tex_w="41" tex_h="41" visible="true" file="textures/Intro.png"/>
      <image n="3" name="UpTriangle" x="178" y="0" tex_x="286" tex_y="212" tex_w="41" tex_h="41" visible="true" file="textures/Intro.png"/>
      <image n="4" name="Title" x="0" y="0" tex_x="0" tex_y="0" tex_w="157" tex_h="70" visible="false" file="textures/Intro.png"/>
    </IMAGES>

    <TEXTS>
      <text n="5" name="text_start" text="press start to play" x="0" y="0" update="false"/>
    </TEXTS>

    <MUSIC>
      <music n="6" name="MainMusic" path="audio/music/ZELDA/ZeldaScreenSelection.ogg"/>
    </MUSIC>
  </elements>

  <!--EXECUTE ALL ACTIONS IN ORDER-->
  <steps>
    <step n="0" start="0" duration ="5">
      <element name="MainMusic" action="play"/>
    </step>
    <step n="1" start="0" duration="5">
      <element name="LeftTriangle" action="move">
        <movement speed="10" dest_x ="0" dest_y="0"/>     
      </element>
    </step>
    <step n="2" start="0" duration="5">
      <element name="RightTriangle" action="move">
        <movement speed="10" dest_x ="220" dest_y="0"/>
      </element>
    </step>
    <step n="3" start="0" duration="5">
      <element name="UpTriangle" action="move">
        <movement speed="10" dest_x ="178" dest_y="144"/>
      </element>
    </step>
    <step n="4" start="3" duration="2">
      <element name="Title" action="enable"/>
    </step>
  </steps>
  
  
</Cutscene>
