<?xml version="1.0"?>

<Cutscene name="Intro" id="1">
  
  <!--LOAD INFO OF EACH ELEMENT THAT ACT IN THE CUTSCENE-->
  <elements>

    <IMAGES>
      <image n="0" name="Background" x="0" y="0" tex_x="328" tex_y="212" tex_w="256" tex_h="144" visible="true" file="textures/Intro.png"/>
      <image n="1" name="Title" x="256" y="50" tex_x="0" tex_y="0" tex_w="157" tex_h="70" visible="false" file="textures/Intro.png"/>
    </IMAGES>

    <TEXTS>
      <text n="2" name="text_start" text="press start to play" x="0" y="0" visible="false"/>
    </TEXTS>

    <MUSIC>
      <music n="3" name="MainMusic" path="audio/music/ZELDA/ZeldaScreenSelection.ogg"/>
    </MUSIC>

  </elements>

  <!--EXECUTE ALL ACTIONS IN ORDER-->
  <steps>

    <step n="0" start="0" duration ="5">
      <element name="MainMusic" action="play"/>
    </step>
    <step n="1" start="0" duration="5">
      <element name="Title" action="enable"/>
    </step>
    <step n="1" start="0" duration="5">
      <element name="Title" action="move">
	<movement dest_x="0" dest_y=50/>
      </element>
    </step>
    <step n="2" start="3" duration="5">
      <element name="text_start" action="enable"/>
    </step>  

  </steps>
  
</Cutscene>
