<?xml version="1.0"?>

<Cutscene name="Intro" id="0" time="17">
  
  <!--LOAD INFO OF EACH ELEMENT THAT ACT IN THE CUTSCENE-->
  <elements>

    <IMAGES>
      <image n="0" name="LeftTriangle" x="0" y="0" w="41" h="41" update="true" file="textures/Intro.png"/>
      <image n="1" name="RightTriangle" x="0" y="0" w="41" h="41" update="true" file="textures/Intro.png"/>
      <image n="2" name="UpTriangle" x="0" y="0" w="41" h="41" update="true" file="textures/Intro.png"/>
      <image n="3" name="Background" x="0" y="0" w="256" h="144" update="true" file="textures/Intro.png"/>
      <image n="4" name="Title" x="0" y="0" w="157" h="70" update="true" file="textures/Intro.png"/>
    </IMAGES>

    <TEXTS>
      <text n="5" name="text_start" text="press start to play" x="100" y="100" update="false"/>
    </TEXTS>

    <MUSIC>
      <music n="6" name="MainMusic" path="audio/music/ZELDA/ZeldaScreenSelection.ogg"/>
    </MUSIC>

    <FX>
      <fx n="7" name="SwordAttack" path="audio/fx/LTTP_Sword_Attack.wav" repeat="0"/>
    </FX>
  </elements>

  <!--EXECUTE ALL ACTIONS IN ORDER-->
  <steps>
    <step n="0" start="1" duration="2">
      <element name="Link" action="move">
        <movement dest_x ="300" dest_y="300"/>     
      </element>
    </step>
    <step n="1" start="2" duration="1">
      <element name="text1" action="enable"/>
    </step>
    <step n="2" start="3" duration="3">
      <element name="text1" action="disable"/>
    </step>
    
  </steps>
  
  
</Cutscene>
