<?xml version="1.0"?>

<Cutscene name="Intro" id="1">
  
  <!--LOAD INFO OF EACH ELEMENT THAT ACT IN THE CUTSCENE-->
  <elements>
    <MAP id="1" file="TiledLinkHouse.tmx"/>

    <IMAGES>
      <image n="0" name="Background" x="-100" y="0" tex_x="0" tex_y="0" tex_w="1080" tex_h="514" active="true" file="textures/bg_anim.png"/>
      <image n="1" name="Sword" x="120" y="-100" tex_x="1" tex_y="1" tex_w="41" tex_h="171" active="false" file="textures/TitleFINAL.png"/>
      <image n="2" name="Triforce" x="140" y="35" tex_x="50" tex_y="1" tex_w="121" tex_h="127" active="false" file="textures/TitleFINAL.png"/>
      <image n="3" name="PokemonLetters" x="150" y="92" tex_x="1" tex_y="173" tex_w="296" tex_h="21" active="false" file="textures/TitleFINAL.png"/>
      <image n="4" name="Title" x="330" y="40" tex_x="171" tex_y="1" tex_w="236" tex_h="121" active="false" file="textures/TitleFINAL.png"/>
    </IMAGES>

    <TEXTS>
      <text n="5" name="text_start" text="press start to play" x="0" y="0" active="false"/>
    </TEXTS>

    <MUSIC>
      <music n="6" name="MainMusic" path="audio/music/ZELDA/ZeldaMainTitle.ogg" active="false"/>
    </MUSIC>

  </elements>

  <!--EXECUTE ALL ACTIONS IN ORDER-->
  <steps>

    <step n="0" start="0" duration ="0">
      <element name="MainMusic" action="play"/>
    </step>
    <step n="1" start="2" duration="0">
      <element name="Title" action="enable"/>
    </step>
    <step n="2" start="2" duration="-1">
      <element name="Title" action="move" dir="left">
	      <movement dest_x="110" dest_y="40" speed="50"/>
      </element>
    </step>
    <step n="3" start="6" duration="0">
      <element name="Sword" action="enable"/>
    </step>
    <step n="4" start="6" duration="-1">
      <element name="Sword" action="move" dir="down">
        <movement dest_x="120" dest_y="22" speed="300"/>
      </element>
    </step>
    <step n="5" start="6" duration="0">
      <element name="Triforce" action="enable"/>
    </step>
    <step n="6" start="9" duration="0">
      <element name="PokemonLetters" action="enable"/>
    </step>  
    <step n="7" start="16" duration="0">
      <element name="MainMusic" action="stop"/>
    </step>

  </steps>
  
</Cutscene>
